Nom,Prenom,Age,Ville,Email,Profession,Salaire
Smith,John,30,New York,john.smith@email.com,Ingénieur,50000
Doe,Jane,25,Los Angeles,jane.doe@email.com,Designer,55000
Brown,Bob,40,Chicago,bob.brown@email.com,Manager,60000
Johnson,Alice,35,Houston,alice.johnson@email.com,Developer,52000
Davis,Charlie,28,Phoenix,charlie.davis@email.com,Analyst,58000
Wilson,Emily,32,Philadelphia,emily.wilson@email.com,Accountant,53000
Miller,David,45,San Antonio,david.miller@email.com,Salesperson,57000
Taylor,Sarah,29,San Diego,sarah.taylor@email.com,Marketing,54000
Anderson,Michael,38,Dallas,michael.anderson@email.com,Engineer,59000
Thomas,Jessica,27,San Jose,jessica.thomas@email.com,Architect,51000
Johnson,Chris,31,Austin,chris.johnson@email.com,Lawyer,56000
Garcia,Laura,26,Jacksonville,laura.garcia@email.com,Nurse,52000
Martinez,Daniel,33,Fort Worth,daniel.martinez@email.com,Doctor,58000
Rodriguez,Emily,29,Columbus,emily.rodriguez@email.com,Teacher,53000
Hernandez,James,36,Charlotte,james.hernandez@email.com,Programmer,57000
Lopez,Olivia,30,San Francisco,olivia.lopez@email.com,Graphic Designer,54000
Gonzalez,David,42,Indianapolis,david.gonzalez@email.com,Financial Analyst,59000
Wilson,Emma,27,Seattle,emma.wilson@email.com,Nurse,51000
Anderson,Michael,38,Dallas,michael.anderson@email.com,Doctor,56000
David,Bonhomme,28,Alger,david.bonhomme@email.com,Policier,50000
